Boardwalk JRT Toilet Paper (12 rolls),http://www.samsclub.com/p/boardwalk-jrt-toilet-paper-12-rolls/prod360544?xid=plp_product_1_1,$31.57,https://scene7.samsclub.com/is/image/samsclub/0040617883209_A?wid=280&hei=280
Compact® Coreless Recycled Toilet Paper  1000 Sheets  36 Rolls (19375),http://www.samsclub.com/p/georgia-pacific-compact-coreless-toilet-paper-36-rolls/prod1250233?xid=plp_product_1_2,$65.98,https://scene7.samsclub.com/is/image/samsclub/0007331019375_A?wid=280&hei=280
Envision 2-Ply Jumbo Toilet Paper  2000 Feet/Roll  6 Rolls/Case (13102),http://www.samsclub.com/p/georgia-pacific-envision-jumbo-toilet-paper-6-rolls/175064?xid=plp_product_1_3,$44.12,https://scene7.samsclub.com/is/image/samsclub/0007331013102_A?wid=280&hei=280
Pacific Blue Basic Jumbo Jr. Toilet Paper  1000 Feet/Roll  8 Rolls/Case (12798),http://www.samsclub.com/p/georgia-pacific-envision-jumbo-jr-toilet-paper-8-rolls/prod362090?xid=plp_product_1_4,$32.92,https://scene7.samsclub.com/is/image/samsclub/0007331012798_A?wid=280&hei=280
Member's Mark Ultra Premium Soft and Strong Bath Tissue  2-Ply Large Roll Toilet Paper (235 sheets  45 rolls),http://www.samsclub.com/p/mm-bath-tissue-fq-45-roll-235-sheet/prod21231904?xid=plp_product_1_5,$19.98,https://scene7.samsclub.com/is/image/samsclub/0007874224113_A?wid=280&hei=280
Member's Mark Ultra Premium Soft and Strong Toilet Paper  2-Ply Mega Roll Bath Tissue (275 sheets  45 rolls) ,http://www.samsclub.com/p/mm-mega-bath-tissue-45-rolls-275-sheets/prod21233926?xid=plp_product_1_6,$22.58,https://scene7.samsclub.com/is/image/samsclub/0007874220642_A?wid=280&hei=280
Quilted Northern Ultra Soft & Strong Toilet Paper (32 rolls  271 sheets/roll),http://www.samsclub.com/p/quilted-northern-ultra-soft-strong-toilet-paper-32-rolls-271-sheets/prod23132701?xid=plp_product_1_7,$19.98,https://scene7.samsclub.com/is/image/samsclub/0004200094484_A?wid=280&hei=280
Charmin Ultra Strong Toilet Paper 24 Mega Plus Roll  Bath Tissue  330 Sheets Per Roll ,http://www.samsclub.com/p/charmin-ultra-strong-toilet-paper-24-mega-plus-roll-bath-tissue/prod22890194?xid=plp_product_1_8,$24.98,https://scene7.samsclub.com/is/image/samsclub/0003700041254_A?wid=280&hei=280
Charmin Ultra Soft Toilet Paper 32 Super Plus Roll  218 Sheets Per Roll,http://www.samsclub.com/p/charmin-ultra-soft-super-plus-toilet-paper-rolls/prod24480260?xid=plp_product_1_9,$22.98,https://scene7.samsclub.com/is/image/samsclub/0003700061327_A?wid=280&hei=280
Scott - 100% Recycled Fiber JRT Jr. Bathroom Tissue  2-Ply  1000ft -  12/Carton,http://www.samsclub.com/p/tissue-2ply-jmbrl-rcy-wht/prod13770870?xid=plp_product_1_10,$47.94,https://scene7.samsclub.com/is/image/samsclub/0003600067805_A?wid=280&hei=280
POM™ Embossed 2-Ply Toilet Paper  White  45 Rolls  473 Sheets/Roll,http://www.samsclub.com/p/pom-2ply-bath-tissue-45-roll-473-sheet/prod14270688?xid=plp_product_1_11,$25.94,https://scene7.samsclub.com/is/image/samsclub/0007331017350_A?wid=280&hei=280
Scott 1100 Unscented Bath Tissue Bonus Pack  1-ply (36 Rolls = 1100 Sheets Per Roll)- Individually Wrapped Toilet Paper,http://www.samsclub.com/p/scott-bath-bonus-pk-36-rolls-1000-sheets/prod11320181?xid=plp_product_1_12,$24.48,https://scene7.samsclub.com/is/image/samsclub/0005400044922_A?wid=280&hei=280
Member's Mark Soft & Strong Facial Tissues  12 Flat Boxes  160 2-Ply Tissues per Box (1920 Tissues Total),http://www.samsclub.com/p/mm-facial-wipes-unscented-12pk-160ct/prod21990405?xid=plp_product_1_13,$11.98,https://scene7.samsclub.com/is/image/samsclub/0007874225858_A?wid=280&hei=280
Marathon® Jumbo Roll Toilet Paper  White  6 Rolls/Case,http://www.samsclub.com/p/marathon-jumbo-roll-bath-tissue-6-rolls/162931?xid=plp_product_1_14,$26.74,https://scene7.samsclub.com/is/image/samsclub/0004200011055_A?wid=280&hei=280
Kleenex White 2-Ply Facial Tissue  Pop-Up Box (100/box  36 boxes/carton),http://www.samsclub.com/p/kleenex-pop-up-facial-tissue-36-boxes-100-ct-each/prod450345?xid=plp_product_1_15,$39.28,https://scene7.samsclub.com/is/image/samsclub/0040617890689_A?wid=280&hei=280
Cottonelle Ultra Comfort Care Toilet Paper (36 Family Rolls),http://www.samsclub.com/p/cottonelle-36-pk-ultra-comfort-care/prod22303660?xid=plp_product_1_16,$21.94,https://scene7.samsclub.com/is/image/samsclub/0003600048650_A?wid=280&hei=280
Cottonelle Ultra Gentle Care Toilet Paper (48 Double Rolls),http://www.samsclub.com/p/cottonelle-gntl-48ct-bath-tissue-204-shts/prod21290233?xid=plp_product_1_17,$22.84,https://scene7.samsclub.com/is/image/samsclub/0003600047485_A?wid=280&hei=280
Cottonelle Ultra Clean Care Toilet Paper (36 Family Rolls) ,http://www.samsclub.com/p/cottonelle-ultra-clean-care-toilet-paper-36-family-rolls/prod22430644?xid=plp_product_1_18,$21.98,https://scene7.samsclub.com/is/image/samsclub/0003600047857_A?wid=280&hei=280
Member's Mark 2-Ply Soft and Strong Facial Tissue  42 pk.  4 620 tissues (110 ct. per box),http://www.samsclub.com/p/mm-facialtissue2ply-42pk-110ct/prod19541780?xid=plp_product_1_19,$33.48,https://scene7.samsclub.com/is/image/samsclub/0007874210996_A?wid=280&hei=280
POM Paper Towel and Bath Tissue -  Toilet Paper,http://www.samsclub.com/p/pomtwlandtiss-bun-pom-towel-tissue/prod22181127?xid=plp_product_1_20,$54.92,https://scene7.samsclub.com/is/image/samsclub/0040980101366_A?wid=280&hei=280
Charmin Ultra Soft Toilet Paper 36 Super Roll  Bath Tissue  208 sheets per roll,http://www.samsclub.com/p/charmin-ultra-soft-36-super-rl-208-ct/prod22251116?xid=plp_product_1_21,$22.98,https://scene7.samsclub.com/is/image/samsclub/0003700079246_A?wid=280&hei=280
Angel Soft Professional Series 2-Ply Toilet Paper  450 Sheets  80 Rolls (16880),http://www.samsclub.com/p/angel-soft-ps-premium-bathroom-tissue-80-rolls/prod5280677?xid=plp_product_1_22,$57.52,https://scene7.samsclub.com/is/image/samsclub/0040617709399_A?wid=280&hei=280
Scott 1000 Limited Edition Bath Tissue (45 rolls = 1 000 Sheets Per Roll) Toilet Paper,http://www.samsclub.com/p/scott-bath-tissue-45-rolls/prod21421281?xid=plp_product_1_23,$26.48,https://scene7.samsclub.com/is/image/samsclub/0005400048554_A?wid=280&hei=280
Boardwalk Economy Bath Tissue  2-Ply  Roll Length 125' (500 Sheets  96 Rolls) Toilet Paper,http://www.samsclub.com/p/boardwalk-economy-bath-tissue-2-ply-500-sheets-96-rolls/prod362110?xid=plp_product_1_24,$38.33,https://scene7.samsclub.com/is/image/samsclub/0040617882489_A?wid=280&hei=280
Quilted Northern EcoComfort Toilet Paper (2-Ply  24 Mega Size Rolls  308 Sheets/Roll),http://www.samsclub.com/p/quilted-northern-toilet-paper-36-rolls-328-sheets-per-roll/prod23031475?xid=plp_product_1_25,$23.72,https://scene7.samsclub.com/is/image/samsclub/0004200094398_A?wid=280&hei=280
Scott Standard Roll Bathroom Tissue  2-Ply  550 Sheets/Roll -  20 Rolls/Carton,http://www.samsclub.com/p/tissue-toilet-2ply-550-sh/prod13770683?xid=plp_product_1_26,$21.44,https://scene7.samsclub.com/is/image/samsclub/0003600003607_A?wid=280&hei=280
Scott - Coreless 2-Ply Roll Bathroom Tissue  1000 Sheets/Roll -  36 Rolls/Carton,http://www.samsclub.com/p/scott-coreless-toilet-paper-36-rolls/203736?xid=plp_product_1_27,$53.12,https://scene7.samsclub.com/is/image/samsclub/0040617981459_A?wid=280&hei=280
Cottonelle Two-Ply Coreless Bathroom Tissue (36 ct.),http://www.samsclub.com/p/cottonelle-bath-tiss-coreless-36rls-crt/prod18360162?xid=plp_product_1_28,$51.84,https://scene7.samsclub.com/is/image/samsclub/0003600007001_A?wid=280&hei=280
Compact® Coreless 2-Ply Recycled Toilet Paper  1500 Sheets  18 Rolls ,http://www.samsclub.com/p/tissue-coreless-wht/prod13770859?xid=plp_product_1_29,$67.24,https://scene7.samsclub.com/is/image/samsclub/0007331019378_A?wid=280&hei=280
Scott - Coreless JRT Jr. Rolls  2-Ply  1150ft -  12 Rolls/Carton,http://www.samsclub.com/p/scott-coreless-jrt-jr-toilet-paper-12-rolls/203729?xid=plp_product_1_30,$46.92,https://scene7.samsclub.com/is/image/samsclub/0040617980379_A?wid=280&hei=280
Scott ComfortPlus Toilet Paper  Double Roll (30 ct.),http://www.samsclub.com/p/scott-comfortplus-30-rolls-231-sheets/prod24545159?xid=plp_product_1_31,$11.49,https://scene7.samsclub.com/is/image/samsclub/0005400047612_A?wid=280&hei=280
Scott 100% Recycled Fiber Bathroom Tissue  2-Ply  506 Sheets/Roll - 80/Carton,http://www.samsclub.com/p/tissue-bath-rcy-506-sh/prod13770684?xid=plp_product_1_32,$49.82,https://scene7.samsclub.com/is/image/samsclub/0003600064460_A?wid=280&hei=280
